{"cameraMode":{"drawMode":0,"name":"Shaded","section":"Shading Mode"},"sceneLighting":true,"audioPlay":false,"sceneViewState":{"showFog":true,"showMaterialUpdate":false,"showSkybox":true,"showFlares":true,"showImageEffects":true,"showParticleSystems":true},"in2DMode":false,"pivot":{"x":1.7455005645751954,"y":5.398250579833984,"z":2.1904759407043459},"rotation":{"x":-0.021047992631793023,"y":0.7049002647399902,"z":0.020934827625751497,"w":0.7086999416351318},"size":19.785390853881837,"orthographic":false}